,Avg,Std
Linear,0.7400255433875108,1.5043749545945853
Hyper Linear,0.06327904277854597,0.018825377791964203
LSTM,3.5010808981241888,0.32758709096525784
Hyper LSTM,0.16493410931015356,0.06146671372366499
